<?xml version="1.0" encoding="UTF-8"?>
<teamcity-agent-plugin
        xmlns:xsi="http://www.w3.org/2001/XMLSchema-instance"
        xsi:noNamespaceSchemaLocation="urn:shemas-jetbrains-com:teamcity-agent-plugin-v1-xml">
    <tool-deployment>
        <layout>
            <executable-files>
		<include name='sonar-scanner-3.0.3.778/bin/sonar-runner'/>
		<include name='sonar-scanner-3.0.3.778/bin/sonar-runner.bat'/>
		<include name='sonar-scanner-3.0.3.778/bin/sonar-scanner'/>
		<include name='sonar-scanner-3.0.3.778/bin/sonar-scanner.bat'/>
		<include name='sonar-scanner-3.0.3.778/bin/sonar-scanner-debug'/>
		<include name='sonar-scanner-3.0.3.778/bin/sonar-scanner-debug.bat'/>
		<include name='MSBuild.SonarQube.Runner.exe'/>
		<include name='SonarQube.Scanner.MSBuild.exe'/>
            </executable-files>
        </layout>
    </tool-deployment>
</teamcity-agent-plugin>
